num_recreated_workers,episode_reward_max,episode_reward_min,episode_reward_mean,episode_len_mean,episodes_this_iter,num_faulty_episodes,num_healthy_workers,num_agent_steps_sampled,num_agent_steps_trained,num_env_steps_sampled,num_env_steps_trained,num_env_steps_sampled_this_iter,num_env_steps_trained_this_iter,timesteps_total,num_steps_trained_this_iter,agent_timesteps_total,done,episodes_total,training_iteration,trial_id,experiment_id,date,timestamp,time_this_iter_s,time_total_s,pid,hostname,node_ip,time_since_restore,timesteps_since_restore,iterations_since_restore,warmup_time,info/num_env_steps_sampled,info/num_env_steps_trained,info/num_agent_steps_sampled,info/num_agent_steps_trained,sampler_results/episode_reward_max,sampler_results/episode_reward_min,sampler_results/episode_reward_mean,sampler_results/episode_len_mean,sampler_results/episodes_this_iter,sampler_results/num_faulty_episodes,hist_stats/episode_reward,hist_stats/episode_lengths,sampler_perf/mean_raw_obs_processing_ms,sampler_perf/mean_inference_ms,sampler_perf/mean_action_processing_ms,sampler_perf/mean_env_wait_ms,sampler_perf/mean_env_render_ms,timers/training_iteration_time_ms,timers/load_time_ms,timers/load_throughput,timers/learn_time_ms,timers/learn_throughput,timers/synch_weights_time_ms,counters/num_env_steps_sampled,counters/num_env_steps_trained,counters/num_agent_steps_sampled,counters/num_agent_steps_trained,perf/cpu_util_percent,perf/ram_util_percent,sampler_results/hist_stats/episode_reward,sampler_results/hist_stats/episode_lengths,sampler_results/sampler_perf/mean_raw_obs_processing_ms,sampler_results/sampler_perf/mean_inference_ms,sampler_results/sampler_perf/mean_action_processing_ms,sampler_results/sampler_perf/mean_env_wait_ms,sampler_results/sampler_perf/mean_env_render_ms,info/learner/default_policy/num_agent_steps_trained,info/learner/default_policy/learner_stats/cur_kl_coeff,info/learner/default_policy/learner_stats/cur_lr,info/learner/default_policy/learner_stats/total_loss,info/learner/default_policy/learner_stats/policy_loss,info/learner/default_policy/learner_stats/vf_loss,info/learner/default_policy/learner_stats/vf_explained_var,info/learner/default_policy/learner_stats/kl,info/learner/default_policy/learner_stats/entropy,info/learner/default_policy/learner_stats/entropy_coeff
0,-500.0,-500.0,-500.0,500.0,8,0,1,4000,4000,4000,4000,4000,4000,4000,4000,4000,False,8,1,b4800_00000,3e0b7b128fce4cba889881ac472ca959,2022-08-26_13-39-23,1661513963,6.940418243408203,6.940418243408203,36632,main-desktop,192.168.0.58,6.940418243408203,0,1,2.4860172271728516,4000,4000,4000,4000,-500.0,-500.0,-500.0,500.0,8,0,"[-500.0, -500.0, -500.0, -500.0, -500.0, -500.0, -500.0, -500.0]","[500, 500, 500, 500, 500, 500, 500, 500]",0.10248489065248946,0.22269355985588565,0.025054390089001188,0.06496533844596712,0.0,6938.396,0.1,39850869.359,5235.523,764.012,1.104,4000,4000,4000,4000,13.52,26.1,"[-500.0, -500.0, -500.0, -500.0, -500.0, -500.0, -500.0, -500.0]","[500, 500, 500, 500, 500, 500, 500, 500]",0.10248489065248946,0.22269355985588565,0.025054390089001188,0.06496533844596712,0.0,128.0,0.20000000298023224,4.999999873689376e-05,9.793085,0.0069302283,9.784348,0.0039075357,0.009037748,1.0892116,0.0
0,-290.0,-500.0,-471.6875,472.0,8,0,1,8000,8000,8000,8000,4000,4000,8000,4000,8000,False,16,2,b4800_00000,3e0b7b128fce4cba889881ac472ca959,2022-08-26_13-39-28,1661513968,4.783672571182251,11.724090814590454,36632,main-desktop,192.168.0.58,11.724090814590454,0,2,2.4860172271728516,8000,8000,8000,8000,-290.0,-500.0,-471.6875,472.0,8,0,"[-500.0, -500.0, -500.0, -500.0, -500.0, -500.0, -500.0, -500.0, -436.0, -500.0, -471.0, -290.0, -500.0, -500.0, -446.0, -404.0]","[500, 500, 500, 500, 500, 500, 500, 500, 437, 500, 472, 291, 500, 500, 447, 405]",0.10248600590652468,0.220103451519264,0.024999055370622244,0.06504383516885409,0.0,5859.995,0.096,41579221.809,4182.657,956.33,1.073,8000,8000,8000,8000,14.014285714285716,26.099999999999998,"[-500.0, -500.0, -500.0, -500.0, -500.0, -500.0, -500.0, -500.0, -436.0, -500.0, -471.0, -290.0, -500.0, -500.0, -446.0, -404.0]","[500, 500, 500, 500, 500, 500, 500, 500, 437, 500, 472, 291, 500, 500, 447, 405]",0.10248600590652468,0.220103451519264,0.024999055370622244,0.06504383516885409,0.0,128.0,0.20000000298023224,4.999999873689376e-05,9.779101,0.00223426,9.774353,0.01990041,0.012572948,1.0626408,0.0
0,-244.0,-500.0,-431.6666666666667,432.22222222222223,11,0,1,12000,12000,12000,12000,4000,4000,12000,4000,12000,False,27,3,b4800_00000,3e0b7b128fce4cba889881ac472ca959,2022-08-26_13-39-34,1661513974,6.109378814697266,17.83346962928772,36632,main-desktop,192.168.0.58,17.83346962928772,0,3,2.4860172271728516,12000,12000,12000,12000,-244.0,-500.0,-431.6666666666667,432.22222222222223,11,0,"[-500.0, -500.0, -500.0, -500.0, -500.0, -500.0, -500.0, -500.0, -436.0, -500.0, -471.0, -290.0, -500.0, -500.0, -446.0, -404.0, -479.0, -418.0, -500.0, -367.0, -244.0, -245.0, -401.0, -409.0, -329.0, -467.0, -249.0]","[500, 500, 500, 500, 500, 500, 500, 500, 437, 500, 472, 291, 500, 500, 447, 405, 480, 419, 500, 368, 245, 246, 402, 410, 330, 468, 250]",0.10243182262620167,0.21823965046654945,0.024897547113567644,0.06490990547328263,0.0,5942.442,0.102,39383136.15,4278.148,934.984,1.032,12000,12000,12000,12000,15.06666666666667,26.133333333333333,"[-500.0, -500.0, -500.0, -500.0, -500.0, -500.0, -500.0, -500.0, -436.0, -500.0, -471.0, -290.0, -500.0, -500.0, -446.0, -404.0, -479.0, -418.0, -500.0, -367.0, -244.0, -245.0, -401.0, -409.0, -329.0, -467.0, -249.0]","[500, 500, 500, 500, 500, 500, 500, 500, 437, 500, 472, 291, 500, 500, 447, 405, 480, 419, 500, 368, 245, 246, 402, 410, 330, 468, 250]",0.10243182262620167,0.21823965046654945,0.024897547113567644,0.06490990547328263,0.0,128.0,0.20000000298023224,4.999999873689376e-05,9.727619,0.003781776,9.721673,0.10063604,0.010821638,1.0164144,0.0
0,-174.0,-500.0,-374.5238095238095,375.23809523809524,15,0,1,16000,16000,16000,16000,4000,4000,16000,4000,16000,False,42,4,b4800_00000,3e0b7b128fce4cba889881ac472ca959,2022-08-26_13-39-40,1661513980,6.501962423324585,24.335432052612305,36632,main-desktop,192.168.0.58,24.335432052612305,0,4,2.4860172271728516,16000,16000,16000,16000,-174.0,-500.0,-374.5238095238095,375.23809523809524,15,0,"[-500.0, -500.0, -500.0, -500.0, -500.0, -500.0, -500.0, -500.0, -436.0, -500.0, -471.0, -290.0, -500.0, -500.0, -446.0, -404.0, -479.0, -418.0, -500.0, -367.0, -244.0, -245.0, -401.0, -409.0, -329.0, -467.0, -249.0, -349.0, -240.0, -174.0, -243.0, -272.0, -278.0, -198.0, -220.0, -256.0, -345.0, -255.0, -453.0, -317.0, -234.0, -241.0]","[500, 500, 500, 500, 500, 500, 500, 500, 437, 500, 472, 291, 500, 500, 447, 405, 480, 419, 500, 368, 245, 246, 402, 410, 330, 468, 250, 350, 241, 175, 244, 273, 279, 199, 221, 257, 346, 256, 454, 318, 235, 242]",0.10256608495766528,0.21659581247450846,0.024820222737216485,0.0647944804667783,0.0,6081.797,0.101,39615622.196,4424.632,904.03,1.046,16000,16000,16000,16000,15.811111111111112,26.033333333333335,"[-500.0, -500.0, -500.0, -500.0, -500.0, -500.0, -500.0, -500.0, -436.0, -500.0, -471.0, -290.0, -500.0, -500.0, -446.0, -404.0, -479.0, -418.0, -500.0, -367.0, -244.0, -245.0, -401.0, -409.0, -329.0, -467.0, -249.0, -349.0, -240.0, -174.0, -243.0, -272.0, -278.0, -198.0, -220.0, -256.0, -345.0, -255.0, -453.0, -317.0, -234.0, -241.0]","[500, 500, 500, 500, 500, 500, 500, 500, 437, 500, 472, 291, 500, 500, 447, 405, 480, 419, 500, 368, 245, 246, 402, 410, 330, 468, 250, 350, 241, 175, 244, 273, 279, 199, 221, 257, 346, 256, 454, 318, 235, 242]",0.10256608495766528,0.21659581247450846,0.024820222737216485,0.0647944804667783,0.0,128.0,0.20000000298023224,4.999999873689376e-05,9.671404,-0.0011755972,9.670235,0.15328406,0.011715401,0.97826004,0.0
0,-148.0,-500.0,-325.5245901639344,326.327868852459,19,0,1,20000,20000,20000,20000,4000,4000,20000,4000,20000,False,61,5,b4800_00000,3e0b7b128fce4cba889881ac472ca959,2022-08-26_13-39-45,1661513985,5.094647645950317,29.430079698562622,36632,main-desktop,192.168.0.58,29.430079698562622,0,5,2.4860172271728516,20000,20000,20000,20000,-148.0,-500.0,-325.5245901639344,326.327868852459,19,0,"[-500.0, -500.0, -500.0, -500.0, -500.0, -500.0, -500.0, -500.0, -436.0, -500.0, -471.0, -290.0, -500.0, -500.0, -446.0, -404.0, -479.0, -418.0, -500.0, -367.0, -244.0, -245.0, -401.0, -409.0, -329.0, -467.0, -249.0, -349.0, -240.0, -174.0, -243.0, -272.0, -278.0, -198.0, -220.0, -256.0, -345.0, -255.0, -453.0, -317.0, -234.0, -241.0, -287.0, -221.0, -246.0, -177.0, -291.0, -237.0, -165.0, -210.0, -172.0, -316.0, -184.0, -165.0, -181.0, -148.0, -276.0, -208.0, -165.0, -263.0, -215.0]","[500, 500, 500, 500, 500, 500, 500, 500, 437, 500, 472, 291, 500, 500, 447, 405, 480, 419, 500, 368, 245, 246, 402, 410, 330, 468, 250, 350, 241, 175, 244, 273, 279, 199, 221, 257, 346, 256, 454, 318, 235, 242, 288, 222, 247, 178, 292, 238, 166, 211, 173, 317, 185, 166, 182, 149, 277, 209, 166, 264, 216]",0.1029764670362521,0.21651194525049158,0.024851424779194286,0.06491685830684334,0.0,5883.94,0.099,40213844.679,4208.868,950.374,1.022,20000,20000,20000,20000,13.957142857142856,26.057142857142853,"[-500.0, -500.0, -500.0, -500.0, -500.0, -500.0, -500.0, -500.0, -436.0, -500.0, -471.0, -290.0, -500.0, -500.0, -446.0, -404.0, -479.0, -418.0, -500.0, -367.0, -244.0, -245.0, -401.0, -409.0, -329.0, -467.0, -249.0, -349.0, -240.0, -174.0, -243.0, -272.0, -278.0, -198.0, -220.0, -256.0, -345.0, -255.0, -453.0, -317.0, -234.0, -241.0, -287.0, -221.0, -246.0, -177.0, -291.0, -237.0, -165.0, -210.0, -172.0, -316.0, -184.0, -165.0, -181.0, -148.0, -276.0, -208.0, -165.0, -263.0, -215.0]","[500, 500, 500, 500, 500, 500, 500, 500, 437, 500, 472, 291, 500, 500, 447, 405, 480, 419, 500, 368, 245, 246, 402, 410, 330, 468, 250, 350, 241, 175, 244, 273, 279, 199, 221, 257, 346, 256, 454, 318, 235, 242, 288, 222, 247, 178, 292, 238, 166, 211, 173, 317, 185, 166, 182, 149, 277, 209, 166, 264, 216]",0.1029764670362521,0.21651194525049158,0.024851424779194286,0.06491685830684334,0.0,128.0,0.20000000298023224,4.999999873689376e-05,9.65214,-0.00022791419,9.649894,0.25132218,0.0123696085,0.9241938,0.0
0,-127.0,-500.0,-294.4938271604938,295.3333333333333,20,0,1,24000,24000,24000,24000,4000,4000,24000,4000,24000,False,81,6,b4800_00000,3e0b7b128fce4cba889881ac472ca959,2022-08-26_13-39-51,1661513991,5.3319478034973145,34.76202750205994,36632,main-desktop,192.168.0.58,34.76202750205994,0,6,2.4860172271728516,24000,24000,24000,24000,-127.0,-500.0,-294.4938271604938,295.3333333333333,20,0,"[-500.0, -500.0, -500.0, -500.0, -500.0, -500.0, -500.0, -500.0, -436.0, -500.0, -471.0, -290.0, -500.0, -500.0, -446.0, -404.0, -479.0, -418.0, -500.0, -367.0, -244.0, -245.0, -401.0, -409.0, -329.0, -467.0, -249.0, -349.0, -240.0, -174.0, -243.0, -272.0, -278.0, -198.0, -220.0, -256.0, -345.0, -255.0, -453.0, -317.0, -234.0, -241.0, -287.0, -221.0, -246.0, -177.0, -291.0, -237.0, -165.0, -210.0, -172.0, -316.0, -184.0, -165.0, -181.0, -148.0, -276.0, -208.0, -165.0, -263.0, -215.0, -205.0, -177.0, -150.0, -213.0, -155.0, -194.0, -500.0, -186.0, -225.0, -192.0, -164.0, -165.0, -203.0, -196.0, -127.0, -319.0, -184.0, -169.0, -129.0, -144.0]","[500, 500, 500, 500, 500, 500, 500, 500, 437, 500, 472, 291, 500, 500, 447, 405, 480, 419, 500, 368, 245, 246, 402, 410, 330, 468, 250, 350, 241, 175, 244, 273, 279, 199, 221, 257, 346, 256, 454, 318, 235, 242, 288, 222, 247, 178, 292, 238, 166, 211, 173, 317, 185, 166, 182, 149, 277, 209, 166, 264, 216, 206, 178, 151, 214, 156, 195, 500, 187, 226, 193, 165, 166, 204, 197, 128, 320, 185, 170, 130, 145]",0.10333206261367826,0.21605719756276046,0.024846687111309718,0.06492867522225089,0.0,5791.571,0.098,40770877.278,4122.458,970.295,1.022,24000,24000,24000,24000,14.549999999999999,26.087500000000002,"[-500.0, -500.0, -500.0, -500.0, -500.0, -500.0, -500.0, -500.0, -436.0, -500.0, -471.0, -290.0, -500.0, -500.0, -446.0, -404.0, -479.0, -418.0, -500.0, -367.0, -244.0, -245.0, -401.0, -409.0, -329.0, -467.0, -249.0, -349.0, -240.0, -174.0, -243.0, -272.0, -278.0, -198.0, -220.0, -256.0, -345.0, -255.0, -453.0, -317.0, -234.0, -241.0, -287.0, -221.0, -246.0, -177.0, -291.0, -237.0, -165.0, -210.0, -172.0, -316.0, -184.0, -165.0, -181.0, -148.0, -276.0, -208.0, -165.0, -263.0, -215.0, -205.0, -177.0, -150.0, -213.0, -155.0, -194.0, -500.0, -186.0, -225.0, -192.0, -164.0, -165.0, -203.0, -196.0, -127.0, -319.0, -184.0, -169.0, -129.0, -144.0]","[500, 500, 500, 500, 500, 500, 500, 500, 437, 500, 472, 291, 500, 500, 447, 405, 480, 419, 500, 368, 245, 246, 402, 410, 330, 468, 250, 350, 241, 175, 244, 273, 279, 199, 221, 257, 346, 256, 454, 318, 235, 242, 288, 222, 247, 178, 292, 238, 166, 211, 173, 317, 185, 166, 182, 149, 277, 209, 166, 264, 216, 206, 178, 151, 214, 156, 195, 500, 187, 226, 193, 165, 166, 204, 197, 128, 320, 185, 170, 130, 145]",0.10333206261367826,0.21605719756276046,0.024846687111309718,0.06492867522225089,0.0,128.0,0.20000000298023224,4.999999873689376e-05,9.611741,0.0041517247,9.606493,0.22602437,0.005479671,0.9101764,0.0
0,-127.0,-500.0,-258.91,259.82,23,0,1,28000,28000,28000,28000,4000,4000,28000,4000,28000,False,104,7,b4800_00000,3e0b7b128fce4cba889881ac472ca959,2022-08-26_13-39-56,1661513996,5.203780174255371,39.96580767631531,36632,main-desktop,192.168.0.58,39.96580767631531,0,7,2.4860172271728516,28000,28000,28000,28000,-127.0,-500.0,-258.91,259.82,23,0,"[-500.0, -500.0, -500.0, -500.0, -436.0, -500.0, -471.0, -290.0, -500.0, -500.0, -446.0, -404.0, -479.0, -418.0, -500.0, -367.0, -244.0, -245.0, -401.0, -409.0, -329.0, -467.0, -249.0, -349.0, -240.0, -174.0, -243.0, -272.0, -278.0, -198.0, -220.0, -256.0, -345.0, -255.0, -453.0, -317.0, -234.0, -241.0, -287.0, -221.0, -246.0, -177.0, -291.0, -237.0, -165.0, -210.0, -172.0, -316.0, -184.0, -165.0, -181.0, -148.0, -276.0, -208.0, -165.0, -263.0, -215.0, -205.0, -177.0, -150.0, -213.0, -155.0, -194.0, -500.0, -186.0, -225.0, -192.0, -164.0, -165.0, -203.0, -196.0, -127.0, -319.0, -184.0, -169.0, -129.0, -144.0, -151.0, -186.0, -161.0, -160.0, -162.0, -143.0, -168.0, -263.0, -176.0, -191.0, -160.0, -148.0, -164.0, -176.0, -169.0, -168.0, -187.0, -128.0, -199.0, -168.0, -175.0, -237.0, -197.0]","[500, 500, 500, 500, 437, 500, 472, 291, 500, 500, 447, 405, 480, 419, 500, 368, 245, 246, 402, 410, 330, 468, 250, 350, 241, 175, 244, 273, 279, 199, 221, 257, 346, 256, 454, 318, 235, 242, 288, 222, 247, 178, 292, 238, 166, 211, 173, 317, 185, 166, 182, 149, 277, 209, 166, 264, 216, 206, 178, 151, 214, 156, 195, 500, 187, 226, 193, 165, 166, 204, 197, 128, 320, 185, 170, 130, 145, 152, 187, 162, 161, 163, 144, 169, 264, 177, 192, 161, 149, 165, 177, 170, 169, 188, 129, 200, 169, 176, 238, 198]",0.10367692126510607,0.21587909391399285,0.024860414807063014,0.06500269754313161,0.0,5707.265,0.106,37835216.495,4028.647,992.889,1.031,28000,28000,28000,28000,14.685714285714285,26.11428571428571,"[-500.0, -500.0, -500.0, -500.0, -436.0, -500.0, -471.0, -290.0, -500.0, -500.0, -446.0, -404.0, -479.0, -418.0, -500.0, -367.0, -244.0, -245.0, -401.0, -409.0, -329.0, -467.0, -249.0, -349.0, -240.0, -174.0, -243.0, -272.0, -278.0, -198.0, -220.0, -256.0, -345.0, -255.0, -453.0, -317.0, -234.0, -241.0, -287.0, -221.0, -246.0, -177.0, -291.0, -237.0, -165.0, -210.0, -172.0, -316.0, -184.0, -165.0, -181.0, -148.0, -276.0, -208.0, -165.0, -263.0, -215.0, -205.0, -177.0, -150.0, -213.0, -155.0, -194.0, -500.0, -186.0, -225.0, -192.0, -164.0, -165.0, -203.0, -196.0, -127.0, -319.0, -184.0, -169.0, -129.0, -144.0, -151.0, -186.0, -161.0, -160.0, -162.0, -143.0, -168.0, -263.0, -176.0, -191.0, -160.0, -148.0, -164.0, -176.0, -169.0, -168.0, -187.0, -128.0, -199.0, -168.0, -175.0, -237.0, -197.0]","[500, 500, 500, 500, 437, 500, 472, 291, 500, 500, 447, 405, 480, 419, 500, 368, 245, 246, 402, 410, 330, 468, 250, 350, 241, 175, 244, 273, 279, 199, 221, 257, 346, 256, 454, 318, 235, 242, 288, 222, 247, 178, 292, 238, 166, 211, 173, 317, 185, 166, 182, 149, 277, 209, 166, 264, 216, 206, 178, 151, 214, 156, 195, 500, 187, 226, 193, 165, 166, 204, 197, 128, 320, 185, 170, 130, 145, 152, 187, 162, 161, 163, 144, 169, 264, 177, 192, 161, 149, 165, 177, 170, 169, 188, 129, 200, 169, 176, 238, 198]",0.10367692126510607,0.21587909391399285,0.024860414807063014,0.06500269754313161,0.0,128.0,0.20000000298023224,4.999999873689376e-05,9.627053,0.0016412478,9.62392,0.27598724,0.007456688,0.8934463,0.0
0,-115.0,-500.0,-204.81,205.8,22,0,1,32000,32000,32000,32000,4000,4000,32000,4000,32000,False,126,8,b4800_00000,3e0b7b128fce4cba889881ac472ca959,2022-08-26_13-40-01,1661514001,5.3206799030303955,45.2864875793457,36632,main-desktop,192.168.0.58,45.2864875793457,0,8,2.4860172271728516,32000,32000,32000,32000,-115.0,-500.0,-204.81,205.8,22,0,"[-249.0, -349.0, -240.0, -174.0, -243.0, -272.0, -278.0, -198.0, -220.0, -256.0, -345.0, -255.0, -453.0, -317.0, -234.0, -241.0, -287.0, -221.0, -246.0, -177.0, -291.0, -237.0, -165.0, -210.0, -172.0, -316.0, -184.0, -165.0, -181.0, -148.0, -276.0, -208.0, -165.0, -263.0, -215.0, -205.0, -177.0, -150.0, -213.0, -155.0, -194.0, -500.0, -186.0, -225.0, -192.0, -164.0, -165.0, -203.0, -196.0, -127.0, -319.0, -184.0, -169.0, -129.0, -144.0, -151.0, -186.0, -161.0, -160.0, -162.0, -143.0, -168.0, -263.0, -176.0, -191.0, -160.0, -148.0, -164.0, -176.0, -169.0, -168.0, -187.0, -128.0, -199.0, -168.0, -175.0, -237.0, -197.0, -191.0, -194.0, -160.0, -145.0, -181.0, -247.0, -226.0, -247.0, -207.0, -115.0, -155.0, -181.0, -194.0, -249.0, -146.0, -189.0, -146.0, -182.0, -141.0, -166.0, -202.0, -132.0]","[250, 350, 241, 175, 244, 273, 279, 199, 221, 257, 346, 256, 454, 318, 235, 242, 288, 222, 247, 178, 292, 238, 166, 211, 173, 317, 185, 166, 182, 149, 277, 209, 166, 264, 216, 206, 178, 151, 214, 156, 195, 500, 187, 226, 193, 165, 166, 204, 197, 128, 320, 185, 170, 130, 145, 152, 187, 162, 161, 163, 144, 169, 264, 177, 192, 161, 149, 165, 177, 170, 169, 188, 129, 200, 169, 176, 238, 198, 192, 195, 161, 146, 182, 248, 227, 248, 208, 116, 156, 182, 195, 250, 147, 190, 147, 183, 142, 167, 203, 133]",0.10411429096815972,0.21538897567159526,0.024859480791298082,0.06503098141543917,0.0,5658.665,0.104,38535092.736,3986.997,1003.261,1.027,32000,32000,32000,32000,14.850000000000001,26.125,"[-249.0, -349.0, -240.0, -174.0, -243.0, -272.0, -278.0, -198.0, -220.0, -256.0, -345.0, -255.0, -453.0, -317.0, -234.0, -241.0, -287.0, -221.0, -246.0, -177.0, -291.0, -237.0, -165.0, -210.0, -172.0, -316.0, -184.0, -165.0, -181.0, -148.0, -276.0, -208.0, -165.0, -263.0, -215.0, -205.0, -177.0, -150.0, -213.0, -155.0, -194.0, -500.0, -186.0, -225.0, -192.0, -164.0, -165.0, -203.0, -196.0, -127.0, -319.0, -184.0, -169.0, -129.0, -144.0, -151.0, -186.0, -161.0, -160.0, -162.0, -143.0, -168.0, -263.0, -176.0, -191.0, -160.0, -148.0, -164.0, -176.0, -169.0, -168.0, -187.0, -128.0, -199.0, -168.0, -175.0, -237.0, -197.0, -191.0, -194.0, -160.0, -145.0, -181.0, -247.0, -226.0, -247.0, -207.0, -115.0, -155.0, -181.0, -194.0, -249.0, -146.0, -189.0, -146.0, -182.0, -141.0, -166.0, -202.0, -132.0]","[250, 350, 241, 175, 244, 273, 279, 199, 221, 257, 346, 256, 454, 318, 235, 242, 288, 222, 247, 178, 292, 238, 166, 211, 173, 317, 185, 166, 182, 149, 277, 209, 166, 264, 216, 206, 178, 151, 214, 156, 195, 500, 187, 226, 193, 165, 166, 204, 197, 128, 320, 185, 170, 130, 145, 152, 187, 162, 161, 163, 144, 169, 264, 177, 192, 161, 149, 165, 177, 170, 169, 188, 129, 200, 169, 176, 238, 198, 192, 195, 161, 146, 182, 248, 227, 248, 208, 116, 156, 182, 195, 250, 147, 190, 147, 183, 142, 167, 203, 133]",0.10411429096815972,0.21538897567159526,0.024859480791298082,0.06503098141543917,0.0,128.0,0.20000000298023224,4.999999873689376e-05,9.514687,0.0027257411,9.510587,0.35449746,0.006869758,0.8642766,0.0
0,-115.0,-500.0,-177.63,178.62,26,0,1,36000,36000,36000,36000,4000,4000,36000,4000,36000,False,152,9,b4800_00000,3e0b7b128fce4cba889881ac472ca959,2022-08-26_13-40-06,1661514006,4.136437892913818,49.42292547225952,36632,main-desktop,192.168.0.58,49.42292547225952,0,9,2.4860172271728516,36000,36000,36000,36000,-115.0,-500.0,-177.63,178.62,26,0,"[-184.0, -165.0, -181.0, -148.0, -276.0, -208.0, -165.0, -263.0, -215.0, -205.0, -177.0, -150.0, -213.0, -155.0, -194.0, -500.0, -186.0, -225.0, -192.0, -164.0, -165.0, -203.0, -196.0, -127.0, -319.0, -184.0, -169.0, -129.0, -144.0, -151.0, -186.0, -161.0, -160.0, -162.0, -143.0, -168.0, -263.0, -176.0, -191.0, -160.0, -148.0, -164.0, -176.0, -169.0, -168.0, -187.0, -128.0, -199.0, -168.0, -175.0, -237.0, -197.0, -191.0, -194.0, -160.0, -145.0, -181.0, -247.0, -226.0, -247.0, -207.0, -115.0, -155.0, -181.0, -194.0, -249.0, -146.0, -189.0, -146.0, -182.0, -141.0, -166.0, -202.0, -132.0, -170.0, -145.0, -143.0, -144.0, -123.0, -150.0, -185.0, -124.0, -157.0, -164.0, -131.0, -141.0, -206.0, -189.0, -151.0, -117.0, -130.0, -182.0, -162.0, -133.0, -143.0, -164.0, -176.0, -120.0, -121.0, -157.0]","[185, 166, 182, 149, 277, 209, 166, 264, 216, 206, 178, 151, 214, 156, 195, 500, 187, 226, 193, 165, 166, 204, 197, 128, 320, 185, 170, 130, 145, 152, 187, 162, 161, 163, 144, 169, 264, 177, 192, 161, 149, 165, 177, 170, 169, 188, 129, 200, 169, 176, 238, 198, 192, 195, 161, 146, 182, 248, 227, 248, 208, 116, 156, 182, 195, 250, 147, 190, 147, 183, 142, 167, 203, 133, 171, 146, 144, 145, 124, 151, 186, 125, 158, 165, 132, 142, 207, 190, 152, 118, 131, 183, 163, 134, 144, 165, 177, 121, 122, 158]",0.10440942260178748,0.2153648095264003,0.02487067521298571,0.06505186521017808,0.0,5489.282,0.103,39006702.144,3821.627,1046.675,1.019,36000,36000,36000,36000,14.133333333333335,26.21666666666667,"[-184.0, -165.0, -181.0, -148.0, -276.0, -208.0, -165.0, -263.0, -215.0, -205.0, -177.0, -150.0, -213.0, -155.0, -194.0, -500.0, -186.0, -225.0, -192.0, -164.0, -165.0, -203.0, -196.0, -127.0, -319.0, -184.0, -169.0, -129.0, -144.0, -151.0, -186.0, -161.0, -160.0, -162.0, -143.0, -168.0, -263.0, -176.0, -191.0, -160.0, -148.0, -164.0, -176.0, -169.0, -168.0, -187.0, -128.0, -199.0, -168.0, -175.0, -237.0, -197.0, -191.0, -194.0, -160.0, -145.0, -181.0, -247.0, -226.0, -247.0, -207.0, -115.0, -155.0, -181.0, -194.0, -249.0, -146.0, -189.0, -146.0, -182.0, -141.0, -166.0, -202.0, -132.0, -170.0, -145.0, -143.0, -144.0, -123.0, -150.0, -185.0, -124.0, -157.0, -164.0, -131.0, -141.0, -206.0, -189.0, -151.0, -117.0, -130.0, -182.0, -162.0, -133.0, -143.0, -164.0, -176.0, -120.0, -121.0, -157.0]","[185, 166, 182, 149, 277, 209, 166, 264, 216, 206, 178, 151, 214, 156, 195, 500, 187, 226, 193, 165, 166, 204, 197, 128, 320, 185, 170, 130, 145, 152, 187, 162, 161, 163, 144, 169, 264, 177, 192, 161, 149, 165, 177, 170, 169, 188, 129, 200, 169, 176, 238, 198, 192, 195, 161, 146, 182, 248, 227, 248, 208, 116, 156, 182, 195, 250, 147, 190, 147, 183, 142, 167, 203, 133, 171, 146, 144, 145, 124, 151, 186, 125, 158, 165, 132, 142, 207, 190, 152, 118, 131, 183, 163, 134, 144, 165, 177, 121, 122, 158]",0.10440942260178748,0.2153648095264003,0.02487067521298571,0.06505186521017808,0.0,128.0,0.20000000298023224,4.999999873689376e-05,9.442879,-0.0025513896,9.44319,0.41775867,0.01121384,0.80099547,0.0
0,-88.0,-287.0,-162.16,163.16,27,0,1,40000,40000,40000,40000,4000,4000,40000,4000,40000,False,179,10,b4800_00000,3e0b7b128fce4cba889881ac472ca959,2022-08-26_13-40-12,1661514012,6.561552286148071,55.98447775840759,36632,main-desktop,192.168.0.58,55.98447775840759,0,10,2.4860172271728516,40000,40000,40000,40000,-88.0,-287.0,-162.16,163.16,27,0,"[-129.0, -144.0, -151.0, -186.0, -161.0, -160.0, -162.0, -143.0, -168.0, -263.0, -176.0, -191.0, -160.0, -148.0, -164.0, -176.0, -169.0, -168.0, -187.0, -128.0, -199.0, -168.0, -175.0, -237.0, -197.0, -191.0, -194.0, -160.0, -145.0, -181.0, -247.0, -226.0, -247.0, -207.0, -115.0, -155.0, -181.0, -194.0, -249.0, -146.0, -189.0, -146.0, -182.0, -141.0, -166.0, -202.0, -132.0, -170.0, -145.0, -143.0, -144.0, -123.0, -150.0, -185.0, -124.0, -157.0, -164.0, -131.0, -141.0, -206.0, -189.0, -151.0, -117.0, -130.0, -182.0, -162.0, -133.0, -143.0, -164.0, -176.0, -120.0, -121.0, -157.0, -181.0, -132.0, -107.0, -128.0, -167.0, -146.0, -130.0, -120.0, -136.0, -138.0, -152.0, -287.0, -88.0, -129.0, -192.0, -106.0, -110.0, -129.0, -129.0, -160.0, -122.0, -160.0, -200.0, -184.0, -131.0, -153.0, -165.0]","[130, 145, 152, 187, 162, 161, 163, 144, 169, 264, 177, 192, 161, 149, 165, 177, 170, 169, 188, 129, 200, 169, 176, 238, 198, 192, 195, 161, 146, 182, 248, 227, 248, 208, 116, 156, 182, 195, 250, 147, 190, 147, 183, 142, 167, 203, 133, 171, 146, 144, 145, 124, 151, 186, 125, 158, 165, 132, 142, 207, 190, 152, 118, 131, 183, 163, 134, 144, 165, 177, 121, 122, 158, 182, 133, 108, 129, 168, 147, 131, 121, 137, 139, 153, 288, 89, 130, 193, 107, 111, 130, 130, 161, 123, 161, 201, 185, 132, 154, 166]",0.10437208879119478,0.214907113012964,0.02483622742435302,0.06495827279161932,0.0,5596.279,0.102,39098615.707,3935.536,1016.38,1.012,40000,40000,40000,40000,13.800000000000002,26.21111111111111,"[-129.0, -144.0, -151.0, -186.0, -161.0, -160.0, -162.0, -143.0, -168.0, -263.0, -176.0, -191.0, -160.0, -148.0, -164.0, -176.0, -169.0, -168.0, -187.0, -128.0, -199.0, -168.0, -175.0, -237.0, -197.0, -191.0, -194.0, -160.0, -145.0, -181.0, -247.0, -226.0, -247.0, -207.0, -115.0, -155.0, -181.0, -194.0, -249.0, -146.0, -189.0, -146.0, -182.0, -141.0, -166.0, -202.0, -132.0, -170.0, -145.0, -143.0, -144.0, -123.0, -150.0, -185.0, -124.0, -157.0, -164.0, -131.0, -141.0, -206.0, -189.0, -151.0, -117.0, -130.0, -182.0, -162.0, -133.0, -143.0, -164.0, -176.0, -120.0, -121.0, -157.0, -181.0, -132.0, -107.0, -128.0, -167.0, -146.0, -130.0, -120.0, -136.0, -138.0, -152.0, -287.0, -88.0, -129.0, -192.0, -106.0, -110.0, -129.0, -129.0, -160.0, -122.0, -160.0, -200.0, -184.0, -131.0, -153.0, -165.0]","[130, 145, 152, 187, 162, 161, 163, 144, 169, 264, 177, 192, 161, 149, 165, 177, 170, 169, 188, 129, 200, 169, 176, 238, 198, 192, 195, 161, 146, 182, 248, 227, 248, 208, 116, 156, 182, 195, 250, 147, 190, 147, 183, 142, 167, 203, 133, 171, 146, 144, 145, 124, 151, 186, 125, 158, 165, 132, 142, 207, 190, 152, 118, 131, 183, 163, 134, 144, 165, 177, 121, 122, 158, 182, 133, 108, 129, 168, 147, 131, 121, 137, 139, 153, 288, 89, 130, 193, 107, 111, 130, 130, 161, 123, 161, 201, 185, 132, 154, 166]",0.10437208879119478,0.214907113012964,0.02483622742435302,0.06495827279161932,0.0,128.0,0.20000000298023224,4.999999873689376e-05,9.4608,-0.0009300295,9.460138,0.4234838,0.007958406,0.75640935,0.0
0,-88.0,-287.0,-153.0,154.0,28,0,1,44000,44000,44000,44000,4000,4000,44000,4000,44000,False,207,11,b4800_00000,3e0b7b128fce4cba889881ac472ca959,2022-08-26_13-40-18,1661514018,5.648051023483276,61.63252878189087,36632,main-desktop,192.168.0.58,61.63252878189087,0,11,2.4860172271728516,44000,44000,44000,44000,-88.0,-287.0,-153.0,154.0,28,0,"[-145.0, -181.0, -247.0, -226.0, -247.0, -207.0, -115.0, -155.0, -181.0, -194.0, -249.0, -146.0, -189.0, -146.0, -182.0, -141.0, -166.0, -202.0, -132.0, -170.0, -145.0, -143.0, -144.0, -123.0, -150.0, -185.0, -124.0, -157.0, -164.0, -131.0, -141.0, -206.0, -189.0, -151.0, -117.0, -130.0, -182.0, -162.0, -133.0, -143.0, -164.0, -176.0, -120.0, -121.0, -157.0, -181.0, -132.0, -107.0, -128.0, -167.0, -146.0, -130.0, -120.0, -136.0, -138.0, -152.0, -287.0, -88.0, -129.0, -192.0, -106.0, -110.0, -129.0, -129.0, -160.0, -122.0, -160.0, -200.0, -184.0, -131.0, -153.0, -165.0, -138.0, -149.0, -165.0, -190.0, -152.0, -276.0, -170.0, -116.0, -126.0, -130.0, -112.0, -126.0, -89.0, -152.0, -148.0, -107.0, -157.0, -104.0, -142.0, -117.0, -100.0, -125.0, -108.0, -117.0, -103.0, -219.0, -174.0, -127.0]","[146, 182, 248, 227, 248, 208, 116, 156, 182, 195, 250, 147, 190, 147, 183, 142, 167, 203, 133, 171, 146, 144, 145, 124, 151, 186, 125, 158, 165, 132, 142, 207, 190, 152, 118, 131, 183, 163, 134, 144, 165, 177, 121, 122, 158, 182, 133, 108, 129, 168, 147, 131, 121, 137, 139, 153, 288, 89, 130, 193, 107, 111, 130, 130, 161, 123, 161, 201, 185, 132, 154, 166, 139, 150, 166, 191, 153, 277, 171, 117, 127, 131, 113, 127, 90, 153, 149, 108, 158, 105, 143, 118, 101, 126, 109, 118, 104, 220, 175, 128]",0.10425725566541924,0.2144191210474444,0.024806346461858548,0.06487626805543108,0.0,5467.025,0.102,39327744.96,3804.646,1051.346,1.0,44000,44000,44000,44000,14.525,26.174999999999997,"[-145.0, -181.0, -247.0, -226.0, -247.0, -207.0, -115.0, -155.0, -181.0, -194.0, -249.0, -146.0, -189.0, -146.0, -182.0, -141.0, -166.0, -202.0, -132.0, -170.0, -145.0, -143.0, -144.0, -123.0, -150.0, -185.0, -124.0, -157.0, -164.0, -131.0, -141.0, -206.0, -189.0, -151.0, -117.0, -130.0, -182.0, -162.0, -133.0, -143.0, -164.0, -176.0, -120.0, -121.0, -157.0, -181.0, -132.0, -107.0, -128.0, -167.0, -146.0, -130.0, -120.0, -136.0, -138.0, -152.0, -287.0, -88.0, -129.0, -192.0, -106.0, -110.0, -129.0, -129.0, -160.0, -122.0, -160.0, -200.0, -184.0, -131.0, -153.0, -165.0, -138.0, -149.0, -165.0, -190.0, -152.0, -276.0, -170.0, -116.0, -126.0, -130.0, -112.0, -126.0, -89.0, -152.0, -148.0, -107.0, -157.0, -104.0, -142.0, -117.0, -100.0, -125.0, -108.0, -117.0, -103.0, -219.0, -174.0, -127.0]","[146, 182, 248, 227, 248, 208, 116, 156, 182, 195, 250, 147, 190, 147, 183, 142, 167, 203, 133, 171, 146, 144, 145, 124, 151, 186, 125, 158, 165, 132, 142, 207, 190, 152, 118, 131, 183, 163, 134, 144, 165, 177, 121, 122, 158, 182, 133, 108, 129, 168, 147, 131, 121, 137, 139, 153, 288, 89, 130, 193, 107, 111, 130, 130, 161, 123, 161, 201, 185, 132, 154, 166, 139, 150, 166, 191, 153, 277, 171, 117, 127, 131, 113, 127, 90, 153, 149, 108, 158, 105, 143, 118, 101, 126, 109, 118, 104, 220, 175, 128]",0.10425725566541924,0.2144191210474444,0.024806346461858548,0.06487626805543108,0.0,128.0,0.20000000298023224,4.999999873689376e-05,9.425322,-0.0004853628,9.424135,0.40541166,0.008361814,0.70172,0.0
0,-83.0,-287.0,-138.79,139.79,32,0,1,48000,48000,48000,48000,4000,4000,48000,4000,48000,False,239,12,b4800_00000,3e0b7b128fce4cba889881ac472ca959,2022-08-26_13-40-23,1661514023,5.658653020858765,67.29118180274963,36632,main-desktop,192.168.0.58,67.29118180274963,0,12,2.4860172271728516,48000,48000,48000,48000,-83.0,-287.0,-138.79,139.79,32,0,"[-189.0, -151.0, -117.0, -130.0, -182.0, -162.0, -133.0, -143.0, -164.0, -176.0, -120.0, -121.0, -157.0, -181.0, -132.0, -107.0, -128.0, -167.0, -146.0, -130.0, -120.0, -136.0, -138.0, -152.0, -287.0, -88.0, -129.0, -192.0, -106.0, -110.0, -129.0, -129.0, -160.0, -122.0, -160.0, -200.0, -184.0, -131.0, -153.0, -165.0, -138.0, -149.0, -165.0, -190.0, -152.0, -276.0, -170.0, -116.0, -126.0, -130.0, -112.0, -126.0, -89.0, -152.0, -148.0, -107.0, -157.0, -104.0, -142.0, -117.0, -100.0, -125.0, -108.0, -117.0, -103.0, -219.0, -174.0, -127.0, -123.0, -132.0, -136.0, -145.0, -83.0, -148.0, -162.0, -105.0, -104.0, -145.0, -121.0, -112.0, -115.0, -114.0, -104.0, -110.0, -157.0, -91.0, -103.0, -176.0, -134.0, -105.0, -119.0, -108.0, -273.0, -101.0, -116.0, -120.0, -120.0, -103.0, -112.0, -116.0]","[190, 152, 118, 131, 183, 163, 134, 144, 165, 177, 121, 122, 158, 182, 133, 108, 129, 168, 147, 131, 121, 137, 139, 153, 288, 89, 130, 193, 107, 111, 130, 130, 161, 123, 161, 201, 185, 132, 154, 166, 139, 150, 166, 191, 153, 277, 171, 117, 127, 131, 113, 127, 90, 153, 149, 108, 158, 105, 143, 118, 101, 126, 109, 118, 104, 220, 175, 128, 124, 133, 137, 146, 84, 149, 163, 106, 105, 146, 122, 113, 116, 115, 105, 111, 158, 92, 104, 177, 135, 106, 120, 109, 274, 102, 117, 121, 121, 104, 113, 117]",0.10419872245928398,0.2140525067247109,0.02477915917006036,0.06481306204552821,0.0,5554.497,0.102,39336966.002,3894.363,1027.125,1.001,48000,48000,48000,48000,14.325000000000001,26.2,"[-189.0, -151.0, -117.0, -130.0, -182.0, -162.0, -133.0, -143.0, -164.0, -176.0, -120.0, -121.0, -157.0, -181.0, -132.0, -107.0, -128.0, -167.0, -146.0, -130.0, -120.0, -136.0, -138.0, -152.0, -287.0, -88.0, -129.0, -192.0, -106.0, -110.0, -129.0, -129.0, -160.0, -122.0, -160.0, -200.0, -184.0, -131.0, -153.0, -165.0, -138.0, -149.0, -165.0, -190.0, -152.0, -276.0, -170.0, -116.0, -126.0, -130.0, -112.0, -126.0, -89.0, -152.0, -148.0, -107.0, -157.0, -104.0, -142.0, -117.0, -100.0, -125.0, -108.0, -117.0, -103.0, -219.0, -174.0, -127.0, -123.0, -132.0, -136.0, -145.0, -83.0, -148.0, -162.0, -105.0, -104.0, -145.0, -121.0, -112.0, -115.0, -114.0, -104.0, -110.0, -157.0, -91.0, -103.0, -176.0, -134.0, -105.0, -119.0, -108.0, -273.0, -101.0, -116.0, -120.0, -120.0, -103.0, -112.0, -116.0]","[190, 152, 118, 131, 183, 163, 134, 144, 165, 177, 121, 122, 158, 182, 133, 108, 129, 168, 147, 131, 121, 137, 139, 153, 288, 89, 130, 193, 107, 111, 130, 130, 161, 123, 161, 201, 185, 132, 154, 166, 139, 150, 166, 191, 153, 277, 171, 117, 127, 131, 113, 127, 90, 153, 149, 108, 158, 105, 143, 118, 101, 126, 109, 118, 104, 220, 175, 128, 124, 133, 137, 146, 84, 149, 163, 106, 105, 146, 122, 113, 116, 115, 105, 111, 158, 92, 104, 177, 135, 106, 120, 109, 274, 102, 117, 121, 121, 104, 113, 117]",0.10419872245928398,0.2140525067247109,0.02477915917006036,0.06481306204552821,0.0,128.0,0.20000000298023224,4.999999873689376e-05,9.324324,-0.0016388745,9.324555,0.44113618,0.0070332345,0.6485963,0.0
0,-83.0,-276.0,-128.16,129.16,34,0,1,52000,52000,52000,52000,4000,4000,52000,4000,52000,False,273,13,b4800_00000,3e0b7b128fce4cba889881ac472ca959,2022-08-26_13-40-29,1661514029,5.2833685874938965,72.57455039024353,36632,main-desktop,192.168.0.58,72.57455039024353,0,13,2.4860172271728516,52000,52000,52000,52000,-83.0,-276.0,-128.16,129.16,34,0,"[-160.0, -200.0, -184.0, -131.0, -153.0, -165.0, -138.0, -149.0, -165.0, -190.0, -152.0, -276.0, -170.0, -116.0, -126.0, -130.0, -112.0, -126.0, -89.0, -152.0, -148.0, -107.0, -157.0, -104.0, -142.0, -117.0, -100.0, -125.0, -108.0, -117.0, -103.0, -219.0, -174.0, -127.0, -123.0, -132.0, -136.0, -145.0, -83.0, -148.0, -162.0, -105.0, -104.0, -145.0, -121.0, -112.0, -115.0, -114.0, -104.0, -110.0, -157.0, -91.0, -103.0, -176.0, -134.0, -105.0, -119.0, -108.0, -273.0, -101.0, -116.0, -120.0, -120.0, -103.0, -112.0, -116.0, -97.0, -100.0, -112.0, -97.0, -130.0, -162.0, -107.0, -111.0, -105.0, -102.0, -115.0, -123.0, -122.0, -117.0, -94.0, -110.0, -96.0, -129.0, -114.0, -114.0, -117.0, -110.0, -127.0, -121.0, -121.0, -89.0, -123.0, -153.0, -126.0, -107.0, -110.0, -102.0, -125.0, -83.0]","[161, 201, 185, 132, 154, 166, 139, 150, 166, 191, 153, 277, 171, 117, 127, 131, 113, 127, 90, 153, 149, 108, 158, 105, 143, 118, 101, 126, 109, 118, 104, 220, 175, 128, 124, 133, 137, 146, 84, 149, 163, 106, 105, 146, 122, 113, 116, 115, 105, 111, 158, 92, 104, 177, 135, 106, 120, 109, 274, 102, 117, 121, 121, 104, 113, 117, 98, 101, 113, 98, 131, 163, 108, 112, 106, 103, 116, 124, 123, 118, 95, 111, 97, 130, 115, 115, 118, 111, 128, 122, 122, 90, 124, 154, 127, 108, 111, 103, 126, 84]",0.10418861413838978,0.21388798414049046,0.024764524857303977,0.06477437073970377,0.0,5471.987,0.1,40088927.121,3812.339,1049.225,1.003,52000,52000,52000,52000,14.6,26.2,"[-160.0, -200.0, -184.0, -131.0, -153.0, -165.0, -138.0, -149.0, -165.0, -190.0, -152.0, -276.0, -170.0, -116.0, -126.0, -130.0, -112.0, -126.0, -89.0, -152.0, -148.0, -107.0, -157.0, -104.0, -142.0, -117.0, -100.0, -125.0, -108.0, -117.0, -103.0, -219.0, -174.0, -127.0, -123.0, -132.0, -136.0, -145.0, -83.0, -148.0, -162.0, -105.0, -104.0, -145.0, -121.0, -112.0, -115.0, -114.0, -104.0, -110.0, -157.0, -91.0, -103.0, -176.0, -134.0, -105.0, -119.0, -108.0, -273.0, -101.0, -116.0, -120.0, -120.0, -103.0, -112.0, -116.0, -97.0, -100.0, -112.0, -97.0, -130.0, -162.0, -107.0, -111.0, -105.0, -102.0, -115.0, -123.0, -122.0, -117.0, -94.0, -110.0, -96.0, -129.0, -114.0, -114.0, -117.0, -110.0, -127.0, -121.0, -121.0, -89.0, -123.0, -153.0, -126.0, -107.0, -110.0, -102.0, -125.0, -83.0]","[161, 201, 185, 132, 154, 166, 139, 150, 166, 191, 153, 277, 171, 117, 127, 131, 113, 127, 90, 153, 149, 108, 158, 105, 143, 118, 101, 126, 109, 118, 104, 220, 175, 128, 124, 133, 137, 146, 84, 149, 163, 106, 105, 146, 122, 113, 116, 115, 105, 111, 158, 92, 104, 177, 135, 106, 120, 109, 274, 102, 117, 121, 121, 104, 113, 117, 98, 101, 113, 98, 131, 163, 108, 112, 106, 103, 116, 124, 123, 118, 95, 111, 97, 130, 115, 115, 118, 111, 128, 122, 122, 90, 124, 154, 127, 108, 111, 103, 126, 84]",0.10418861413838978,0.21388798414049046,0.024764524857303977,0.06477437073970377,0.0,128.0,0.20000000298023224,4.999999873689376e-05,9.189691,-0.011799421,9.200644,0.5707751,0.0042295717,0.68365806,0.0
0,-76.0,-500.0,-125.84,126.83,30,0,1,56000,56000,56000,56000,4000,4000,56000,4000,56000,False,303,14,b4800_00000,3e0b7b128fce4cba889881ac472ca959,2022-08-26_13-40-34,1661514034,5.143961191177368,77.7185115814209,36632,main-desktop,192.168.0.58,77.7185115814209,0,14,2.4860172271728516,56000,56000,56000,56000,-76.0,-500.0,-125.84,126.83,30,0,"[-103.0, -219.0, -174.0, -127.0, -123.0, -132.0, -136.0, -145.0, -83.0, -148.0, -162.0, -105.0, -104.0, -145.0, -121.0, -112.0, -115.0, -114.0, -104.0, -110.0, -157.0, -91.0, -103.0, -176.0, -134.0, -105.0, -119.0, -108.0, -273.0, -101.0, -116.0, -120.0, -120.0, -103.0, -112.0, -116.0, -97.0, -100.0, -112.0, -97.0, -130.0, -162.0, -107.0, -111.0, -105.0, -102.0, -115.0, -123.0, -122.0, -117.0, -94.0, -110.0, -96.0, -129.0, -114.0, -114.0, -117.0, -110.0, -127.0, -121.0, -121.0, -89.0, -123.0, -153.0, -126.0, -107.0, -110.0, -102.0, -125.0, -83.0, -198.0, -95.0, -384.0, -132.0, -104.0, -115.0, -111.0, -96.0, -91.0, -116.0, -136.0, -133.0, -145.0, -500.0, -76.0, -109.0, -131.0, -127.0, -102.0, -87.0, -140.0, -104.0, -89.0, -123.0, -104.0, -97.0, -123.0, -89.0, -99.0, -121.0]","[104, 220, 175, 128, 124, 133, 137, 146, 84, 149, 163, 106, 105, 146, 122, 113, 116, 115, 105, 111, 158, 92, 104, 177, 135, 106, 120, 109, 274, 102, 117, 121, 121, 104, 113, 117, 98, 101, 113, 98, 131, 163, 108, 112, 106, 103, 116, 124, 123, 118, 95, 111, 97, 130, 115, 115, 118, 111, 128, 122, 122, 90, 124, 154, 127, 108, 111, 103, 126, 84, 199, 96, 385, 133, 105, 116, 112, 97, 92, 117, 137, 134, 146, 500, 77, 110, 132, 128, 103, 88, 141, 105, 90, 124, 105, 98, 124, 90, 100, 122]",0.10416009211680283,0.21360009678012473,0.02473843084121888,0.06470295303769451,0.0,5336.168,0.099,40271761.882,3675.578,1088.264,0.996,56000,56000,56000,56000,15.971428571428572,26.3,"[-103.0, -219.0, -174.0, -127.0, -123.0, -132.0, -136.0, -145.0, -83.0, -148.0, -162.0, -105.0, -104.0, -145.0, -121.0, -112.0, -115.0, -114.0, -104.0, -110.0, -157.0, -91.0, -103.0, -176.0, -134.0, -105.0, -119.0, -108.0, -273.0, -101.0, -116.0, -120.0, -120.0, -103.0, -112.0, -116.0, -97.0, -100.0, -112.0, -97.0, -130.0, -162.0, -107.0, -111.0, -105.0, -102.0, -115.0, -123.0, -122.0, -117.0, -94.0, -110.0, -96.0, -129.0, -114.0, -114.0, -117.0, -110.0, -127.0, -121.0, -121.0, -89.0, -123.0, -153.0, -126.0, -107.0, -110.0, -102.0, -125.0, -83.0, -198.0, -95.0, -384.0, -132.0, -104.0, -115.0, -111.0, -96.0, -91.0, -116.0, -136.0, -133.0, -145.0, -500.0, -76.0, -109.0, -131.0, -127.0, -102.0, -87.0, -140.0, -104.0, -89.0, -123.0, -104.0, -97.0, -123.0, -89.0, -99.0, -121.0]","[104, 220, 175, 128, 124, 133, 137, 146, 84, 149, 163, 106, 105, 146, 122, 113, 116, 115, 105, 111, 158, 92, 104, 177, 135, 106, 120, 109, 274, 102, 117, 121, 121, 104, 113, 117, 98, 101, 113, 98, 131, 163, 108, 112, 106, 103, 116, 124, 123, 118, 95, 111, 97, 130, 115, 115, 118, 111, 128, 122, 122, 90, 124, 154, 127, 108, 111, 103, 126, 84, 199, 96, 385, 133, 105, 116, 112, 97, 92, 117, 137, 134, 146, 500, 77, 110, 132, 128, 103, 88, 141, 105, 90, 124, 105, 98, 124, 90, 100, 122]",0.10416009211680283,0.21360009678012473,0.02473843084121888,0.06470295303769451,0.0,128.0,0.10000000149011612,4.999999873689376e-05,9.155006,-0.0019283483,9.156239,0.32899252,0.0069699106,0.60827506,0.0
0,-69.0,-500.0,-118.18,119.17,37,0,1,60000,60000,60000,60000,4000,4000,60000,4000,60000,False,340,15,b4800_00000,3e0b7b128fce4cba889881ac472ca959,2022-08-26_13-40-40,1661514040,5.693273067474365,83.41178464889526,36632,main-desktop,192.168.0.58,83.41178464889526,0,15,2.4860172271728516,60000,60000,60000,60000,-69.0,-500.0,-118.18,119.17,37,0,"[-100.0, -112.0, -97.0, -130.0, -162.0, -107.0, -111.0, -105.0, -102.0, -115.0, -123.0, -122.0, -117.0, -94.0, -110.0, -96.0, -129.0, -114.0, -114.0, -117.0, -110.0, -127.0, -121.0, -121.0, -89.0, -123.0, -153.0, -126.0, -107.0, -110.0, -102.0, -125.0, -83.0, -198.0, -95.0, -384.0, -132.0, -104.0, -115.0, -111.0, -96.0, -91.0, -116.0, -136.0, -133.0, -145.0, -500.0, -76.0, -109.0, -131.0, -127.0, -102.0, -87.0, -140.0, -104.0, -89.0, -123.0, -104.0, -97.0, -123.0, -89.0, -99.0, -121.0, -160.0, -106.0, -89.0, -100.0, -133.0, -94.0, -86.0, -96.0, -109.0, -119.0, -101.0, -126.0, -114.0, -90.0, -69.0, -71.0, -98.0, -135.0, -104.0, -119.0, -119.0, -99.0, -83.0, -120.0, -105.0, -106.0, -85.0, -102.0, -212.0, -100.0, -92.0, -113.0, -101.0, -92.0, -92.0, -91.0, -136.0]","[101, 113, 98, 131, 163, 108, 112, 106, 103, 116, 124, 123, 118, 95, 111, 97, 130, 115, 115, 118, 111, 128, 122, 122, 90, 124, 154, 127, 108, 111, 103, 126, 84, 199, 96, 385, 133, 105, 116, 112, 97, 92, 117, 137, 134, 146, 500, 77, 110, 132, 128, 103, 88, 141, 105, 90, 124, 105, 98, 124, 90, 100, 122, 161, 107, 90, 101, 134, 95, 87, 97, 110, 120, 102, 127, 115, 91, 70, 72, 99, 136, 105, 120, 120, 100, 84, 121, 106, 107, 86, 103, 213, 101, 93, 114, 102, 93, 93, 92, 137]",0.10461305031826268,0.214423532513392,0.02483904283650957,0.064950267196111,0.0,5396.021,0.099,40271761.882,3711.949,1077.601,1.009,60000,60000,60000,60000,16.362499999999997,26.2,"[-100.0, -112.0, -97.0, -130.0, -162.0, -107.0, -111.0, -105.0, -102.0, -115.0, -123.0, -122.0, -117.0, -94.0, -110.0, -96.0, -129.0, -114.0, -114.0, -117.0, -110.0, -127.0, -121.0, -121.0, -89.0, -123.0, -153.0, -126.0, -107.0, -110.0, -102.0, -125.0, -83.0, -198.0, -95.0, -384.0, -132.0, -104.0, -115.0, -111.0, -96.0, -91.0, -116.0, -136.0, -133.0, -145.0, -500.0, -76.0, -109.0, -131.0, -127.0, -102.0, -87.0, -140.0, -104.0, -89.0, -123.0, -104.0, -97.0, -123.0, -89.0, -99.0, -121.0, -160.0, -106.0, -89.0, -100.0, -133.0, -94.0, -86.0, -96.0, -109.0, -119.0, -101.0, -126.0, -114.0, -90.0, -69.0, -71.0, -98.0, -135.0, -104.0, -119.0, -119.0, -99.0, -83.0, -120.0, -105.0, -106.0, -85.0, -102.0, -212.0, -100.0, -92.0, -113.0, -101.0, -92.0, -92.0, -91.0, -136.0]","[101, 113, 98, 131, 163, 108, 112, 106, 103, 116, 124, 123, 118, 95, 111, 97, 130, 115, 115, 118, 111, 128, 122, 122, 90, 124, 154, 127, 108, 111, 103, 126, 84, 199, 96, 385, 133, 105, 116, 112, 97, 92, 117, 137, 134, 146, 500, 77, 110, 132, 128, 103, 88, 141, 105, 90, 124, 105, 98, 124, 90, 100, 122, 161, 107, 90, 101, 134, 95, 87, 97, 110, 120, 102, 127, 115, 91, 70, 72, 99, 136, 105, 120, 120, 100, 84, 121, 106, 107, 86, 103, 213, 101, 93, 114, 102, 93, 93, 92, 137]",0.10461305031826268,0.214423532513392,0.02483904283650957,0.064950267196111,0.0,128.0,0.10000000149011612,4.999999873689376e-05,8.805408,-0.0003173419,8.805113,0.49428508,0.0061178226,0.6082603,0.0
0,-69.0,-500.0,-113.02,114.01,36,0,1,64000,64000,64000,64000,4000,4000,64000,4000,64000,False,376,16,b4800_00000,3e0b7b128fce4cba889881ac472ca959,2022-08-26_13-40-44,1661514044,4.734877347946167,88.14666199684143,36632,main-desktop,192.168.0.58,88.14666199684143,0,16,2.4860172271728516,64000,64000,64000,64000,-69.0,-500.0,-113.02,114.01,36,0,"[-132.0, -104.0, -115.0, -111.0, -96.0, -91.0, -116.0, -136.0, -133.0, -145.0, -500.0, -76.0, -109.0, -131.0, -127.0, -102.0, -87.0, -140.0, -104.0, -89.0, -123.0, -104.0, -97.0, -123.0, -89.0, -99.0, -121.0, -160.0, -106.0, -89.0, -100.0, -133.0, -94.0, -86.0, -96.0, -109.0, -119.0, -101.0, -126.0, -114.0, -90.0, -69.0, -71.0, -98.0, -135.0, -104.0, -119.0, -119.0, -99.0, -83.0, -120.0, -105.0, -106.0, -85.0, -102.0, -212.0, -100.0, -92.0, -113.0, -101.0, -92.0, -92.0, -91.0, -136.0, -87.0, -119.0, -103.0, -240.0, -96.0, -123.0, -120.0, -94.0, -87.0, -94.0, -125.0, -162.0, -83.0, -136.0, -104.0, -90.0, -117.0, -76.0, -101.0, -90.0, -107.0, -106.0, -108.0, -100.0, -121.0, -88.0, -104.0, -113.0, -91.0, -99.0, -89.0, -145.0, -122.0, -83.0, -126.0, -86.0]","[133, 105, 116, 112, 97, 92, 117, 137, 134, 146, 500, 77, 110, 132, 128, 103, 88, 141, 105, 90, 124, 105, 98, 124, 90, 100, 122, 161, 107, 90, 101, 134, 95, 87, 97, 110, 120, 102, 127, 115, 91, 70, 72, 99, 136, 105, 120, 120, 100, 84, 121, 106, 107, 86, 103, 213, 101, 93, 114, 102, 93, 93, 92, 137, 88, 120, 104, 241, 97, 124, 121, 95, 88, 95, 126, 163, 84, 137, 105, 91, 118, 77, 102, 91, 108, 107, 109, 101, 122, 89, 105, 114, 92, 100, 90, 146, 123, 84, 127, 87]",0.10514909053368533,0.21584464997934005,0.024990398117983953,0.06531499059230055,0.0,5336.129,0.1,39879286.903,3636.62,1099.922,1.022,64000,64000,64000,64000,17.914285714285715,26.242857142857144,"[-132.0, -104.0, -115.0, -111.0, -96.0, -91.0, -116.0, -136.0, -133.0, -145.0, -500.0, -76.0, -109.0, -131.0, -127.0, -102.0, -87.0, -140.0, -104.0, -89.0, -123.0, -104.0, -97.0, -123.0, -89.0, -99.0, -121.0, -160.0, -106.0, -89.0, -100.0, -133.0, -94.0, -86.0, -96.0, -109.0, -119.0, -101.0, -126.0, -114.0, -90.0, -69.0, -71.0, -98.0, -135.0, -104.0, -119.0, -119.0, -99.0, -83.0, -120.0, -105.0, -106.0, -85.0, -102.0, -212.0, -100.0, -92.0, -113.0, -101.0, -92.0, -92.0, -91.0, -136.0, -87.0, -119.0, -103.0, -240.0, -96.0, -123.0, -120.0, -94.0, -87.0, -94.0, -125.0, -162.0, -83.0, -136.0, -104.0, -90.0, -117.0, -76.0, -101.0, -90.0, -107.0, -106.0, -108.0, -100.0, -121.0, -88.0, -104.0, -113.0, -91.0, -99.0, -89.0, -145.0, -122.0, -83.0, -126.0, -86.0]","[133, 105, 116, 112, 97, 92, 117, 137, 134, 146, 500, 77, 110, 132, 128, 103, 88, 141, 105, 90, 124, 105, 98, 124, 90, 100, 122, 161, 107, 90, 101, 134, 95, 87, 97, 110, 120, 102, 127, 115, 91, 70, 72, 99, 136, 105, 120, 120, 100, 84, 121, 106, 107, 86, 103, 213, 101, 93, 114, 102, 93, 93, 92, 137, 88, 120, 104, 241, 97, 124, 121, 95, 88, 95, 126, 163, 84, 137, 105, 91, 118, 77, 102, 91, 108, 107, 109, 101, 122, 89, 105, 114, 92, 100, 90, 146, 123, 84, 127, 87]",0.10514909053368533,0.21584464997934005,0.024990398117983953,0.06531499059230055,0.0,128.0,0.10000000149011612,4.999999873689376e-05,8.802653,-0.0015739633,8.803501,0.3343199,0.0072703026,0.5657921,0.0
0,-69.0,-500.0,-110.74,111.73,34,0,1,68000,68000,68000,68000,4000,4000,68000,4000,68000,False,410,17,b4800_00000,3e0b7b128fce4cba889881ac472ca959,2022-08-26_13-40-49,1661514049,4.945213317871094,93.09187531471252,36632,main-desktop,192.168.0.58,93.09187531471252,0,17,2.4860172271728516,68000,68000,68000,68000,-69.0,-500.0,-110.74,111.73,34,0,"[-96.0, -109.0, -119.0, -101.0, -126.0, -114.0, -90.0, -69.0, -71.0, -98.0, -135.0, -104.0, -119.0, -119.0, -99.0, -83.0, -120.0, -105.0, -106.0, -85.0, -102.0, -212.0, -100.0, -92.0, -113.0, -101.0, -92.0, -92.0, -91.0, -136.0, -87.0, -119.0, -103.0, -240.0, -96.0, -123.0, -120.0, -94.0, -87.0, -94.0, -125.0, -162.0, -83.0, -136.0, -104.0, -90.0, -117.0, -76.0, -101.0, -90.0, -107.0, -106.0, -108.0, -100.0, -121.0, -88.0, -104.0, -113.0, -91.0, -99.0, -89.0, -145.0, -122.0, -83.0, -126.0, -86.0, -94.0, -78.0, -107.0, -113.0, -122.0, -126.0, -147.0, -91.0, -94.0, -93.0, -176.0, -91.0, -90.0, -99.0, -136.0, -76.0, -126.0, -95.0, -82.0, -104.0, -89.0, -500.0, -87.0, -121.0, -80.0, -85.0, -97.0, -78.0, -90.0, -125.0, -134.0, -94.0, -112.0, -108.0]","[97, 110, 120, 102, 127, 115, 91, 70, 72, 99, 136, 105, 120, 120, 100, 84, 121, 106, 107, 86, 103, 213, 101, 93, 114, 102, 93, 93, 92, 137, 88, 120, 104, 241, 97, 124, 121, 95, 88, 95, 126, 163, 84, 137, 105, 91, 118, 77, 102, 91, 108, 107, 109, 101, 122, 89, 105, 114, 92, 100, 90, 146, 123, 84, 127, 87, 95, 79, 108, 114, 123, 127, 148, 92, 95, 94, 177, 92, 91, 100, 137, 77, 127, 96, 83, 105, 90, 500, 88, 122, 81, 86, 98, 79, 91, 126, 135, 95, 113, 109]",0.1056337424053595,0.21714410737453652,0.025117177592575556,0.065617091660594,0.0,5310.269,0.095,42132636.866,3612.149,1107.374,1.024,68000,68000,68000,68000,16.557142857142857,26.242857142857137,"[-96.0, -109.0, -119.0, -101.0, -126.0, -114.0, -90.0, -69.0, -71.0, -98.0, -135.0, -104.0, -119.0, -119.0, -99.0, -83.0, -120.0, -105.0, -106.0, -85.0, -102.0, -212.0, -100.0, -92.0, -113.0, -101.0, -92.0, -92.0, -91.0, -136.0, -87.0, -119.0, -103.0, -240.0, -96.0, -123.0, -120.0, -94.0, -87.0, -94.0, -125.0, -162.0, -83.0, -136.0, -104.0, -90.0, -117.0, -76.0, -101.0, -90.0, -107.0, -106.0, -108.0, -100.0, -121.0, -88.0, -104.0, -113.0, -91.0, -99.0, -89.0, -145.0, -122.0, -83.0, -126.0, -86.0, -94.0, -78.0, -107.0, -113.0, -122.0, -126.0, -147.0, -91.0, -94.0, -93.0, -176.0, -91.0, -90.0, -99.0, -136.0, -76.0, -126.0, -95.0, -82.0, -104.0, -89.0, -500.0, -87.0, -121.0, -80.0, -85.0, -97.0, -78.0, -90.0, -125.0, -134.0, -94.0, -112.0, -108.0]","[97, 110, 120, 102, 127, 115, 91, 70, 72, 99, 136, 105, 120, 120, 100, 84, 121, 106, 107, 86, 103, 213, 101, 93, 114, 102, 93, 93, 92, 137, 88, 120, 104, 241, 97, 124, 121, 95, 88, 95, 126, 163, 84, 137, 105, 91, 118, 77, 102, 91, 108, 107, 109, 101, 122, 89, 105, 114, 92, 100, 90, 146, 123, 84, 127, 87, 95, 79, 108, 114, 123, 127, 148, 92, 95, 94, 177, 92, 91, 100, 137, 77, 127, 96, 83, 105, 90, 500, 88, 122, 81, 86, 98, 79, 91, 126, 135, 95, 113, 109]",0.1056337424053595,0.21714410737453652,0.025117177592575556,0.065617091660594,0.0,128.0,0.10000000149011612,4.999999873689376e-05,8.657599,0.00024942757,8.656739,0.39820686,0.0061014513,0.52627933,0.0
0,-71.0,-500.0,-105.22,106.21,41,0,1,72000,72000,72000,72000,4000,4000,72000,4000,72000,False,451,18,b4800_00000,3e0b7b128fce4cba889881ac472ca959,2022-08-26_13-40-54,1661514054,4.6735076904296875,97.76538300514221,36632,main-desktop,192.168.0.58,97.76538300514221,0,18,2.4860172271728516,72000,72000,72000,72000,-71.0,-500.0,-105.22,106.21,41,0,"[-162.0, -83.0, -136.0, -104.0, -90.0, -117.0, -76.0, -101.0, -90.0, -107.0, -106.0, -108.0, -100.0, -121.0, -88.0, -104.0, -113.0, -91.0, -99.0, -89.0, -145.0, -122.0, -83.0, -126.0, -86.0, -94.0, -78.0, -107.0, -113.0, -122.0, -126.0, -147.0, -91.0, -94.0, -93.0, -176.0, -91.0, -90.0, -99.0, -136.0, -76.0, -126.0, -95.0, -82.0, -104.0, -89.0, -500.0, -87.0, -121.0, -80.0, -85.0, -97.0, -78.0, -90.0, -125.0, -134.0, -94.0, -112.0, -108.0, -88.0, -103.0, -83.0, -95.0, -86.0, -105.0, -98.0, -117.0, -115.0, -84.0, -111.0, -88.0, -95.0, -115.0, -107.0, -88.0, -85.0, -81.0, -99.0, -91.0, -116.0, -118.0, -77.0, -101.0, -90.0, -97.0, -125.0, -78.0, -95.0, -95.0, -101.0, -115.0, -78.0, -85.0, -85.0, -106.0, -78.0, -93.0, -90.0, -107.0, -71.0]","[163, 84, 137, 105, 91, 118, 77, 102, 91, 108, 107, 109, 101, 122, 89, 105, 114, 92, 100, 90, 146, 123, 84, 127, 87, 95, 79, 108, 114, 123, 127, 148, 92, 95, 94, 177, 92, 91, 100, 137, 77, 127, 96, 83, 105, 90, 500, 88, 122, 81, 86, 98, 79, 91, 126, 135, 95, 113, 109, 89, 104, 84, 96, 87, 106, 99, 118, 116, 85, 112, 89, 96, 116, 108, 89, 86, 82, 100, 92, 117, 119, 78, 102, 91, 98, 126, 79, 96, 96, 102, 116, 79, 86, 86, 107, 79, 94, 91, 108, 72]",0.10572445034338684,0.2175136118335172,0.02513609473742989,0.06564603643986404,0.0,5245.545,0.095,41901138.861,3544.913,1128.377,1.026,72000,72000,72000,72000,16.314285714285713,26.11428571428571,"[-162.0, -83.0, -136.0, -104.0, -90.0, -117.0, -76.0, -101.0, -90.0, -107.0, -106.0, -108.0, -100.0, -121.0, -88.0, -104.0, -113.0, -91.0, -99.0, -89.0, -145.0, -122.0, -83.0, -126.0, -86.0, -94.0, -78.0, -107.0, -113.0, -122.0, -126.0, -147.0, -91.0, -94.0, -93.0, -176.0, -91.0, -90.0, -99.0, -136.0, -76.0, -126.0, -95.0, -82.0, -104.0, -89.0, -500.0, -87.0, -121.0, -80.0, -85.0, -97.0, -78.0, -90.0, -125.0, -134.0, -94.0, -112.0, -108.0, -88.0, -103.0, -83.0, -95.0, -86.0, -105.0, -98.0, -117.0, -115.0, -84.0, -111.0, -88.0, -95.0, -115.0, -107.0, -88.0, -85.0, -81.0, -99.0, -91.0, -116.0, -118.0, -77.0, -101.0, -90.0, -97.0, -125.0, -78.0, -95.0, -95.0, -101.0, -115.0, -78.0, -85.0, -85.0, -106.0, -78.0, -93.0, -90.0, -107.0, -71.0]","[163, 84, 137, 105, 91, 118, 77, 102, 91, 108, 107, 109, 101, 122, 89, 105, 114, 92, 100, 90, 146, 123, 84, 127, 87, 95, 79, 108, 114, 123, 127, 148, 92, 95, 94, 177, 92, 91, 100, 137, 77, 127, 96, 83, 105, 90, 500, 88, 122, 81, 86, 98, 79, 91, 126, 135, 95, 113, 109, 89, 104, 84, 96, 87, 106, 99, 118, 116, 85, 112, 89, 96, 116, 108, 89, 86, 82, 100, 92, 117, 119, 78, 102, 91, 98, 126, 79, 96, 96, 102, 116, 79, 86, 86, 107, 79, 94, 91, 108, 72]",0.10572445034338684,0.2175136118335172,0.02513609473742989,0.06564603643986404,0.0,128.0,0.10000000149011612,4.999999873689376e-05,8.038754,-0.0040800655,8.042161,0.44157493,0.006729987,0.5031366,0.0
0,-71.0,-500.0,-104.65,105.64,38,0,1,76000,76000,76000,76000,4000,4000,76000,4000,76000,False,489,19,b4800_00000,3e0b7b128fce4cba889881ac472ca959,2022-08-26_13-41-01,1661514061,6.793225049972534,104.55860805511475,36632,main-desktop,192.168.0.58,104.55860805511475,0,19,2.4860172271728516,76000,76000,76000,76000,-71.0,-500.0,-104.65,105.64,38,0,"[-99.0, -136.0, -76.0, -126.0, -95.0, -82.0, -104.0, -89.0, -500.0, -87.0, -121.0, -80.0, -85.0, -97.0, -78.0, -90.0, -125.0, -134.0, -94.0, -112.0, -108.0, -88.0, -103.0, -83.0, -95.0, -86.0, -105.0, -98.0, -117.0, -115.0, -84.0, -111.0, -88.0, -95.0, -115.0, -107.0, -88.0, -85.0, -81.0, -99.0, -91.0, -116.0, -118.0, -77.0, -101.0, -90.0, -97.0, -125.0, -78.0, -95.0, -95.0, -101.0, -115.0, -78.0, -85.0, -85.0, -106.0, -78.0, -93.0, -90.0, -107.0, -71.0, -102.0, -91.0, -84.0, -105.0, -123.0, -80.0, -82.0, -101.0, -91.0, -89.0, -84.0, -103.0, -107.0, -114.0, -123.0, -99.0, -85.0, -129.0, -98.0, -129.0, -87.0, -99.0, -107.0, -90.0, -84.0, -371.0, -83.0, -82.0, -114.0, -93.0, -98.0, -107.0, -82.0, -101.0, -93.0, -101.0, -102.0, -99.0]","[100, 137, 77, 127, 96, 83, 105, 90, 500, 88, 122, 81, 86, 98, 79, 91, 126, 135, 95, 113, 109, 89, 104, 84, 96, 87, 106, 99, 118, 116, 85, 112, 89, 96, 116, 108, 89, 86, 82, 100, 92, 117, 119, 78, 102, 91, 98, 126, 79, 96, 96, 102, 116, 79, 86, 86, 107, 79, 94, 91, 108, 72, 103, 92, 85, 106, 124, 81, 83, 102, 92, 90, 85, 104, 108, 115, 124, 100, 86, 130, 99, 130, 88, 100, 108, 91, 85, 372, 84, 83, 115, 94, 99, 108, 83, 102, 94, 102, 103, 100]",0.10572704048716734,0.2172180088495446,0.025107758019002464,0.06556804439514291,0.0,5511.213,0.096,41817587.238,3811.873,1049.353,1.024,76000,76000,76000,76000,14.600000000000001,26.155555555555555,"[-99.0, -136.0, -76.0, -126.0, -95.0, -82.0, -104.0, -89.0, -500.0, -87.0, -121.0, -80.0, -85.0, -97.0, -78.0, -90.0, -125.0, -134.0, -94.0, -112.0, -108.0, -88.0, -103.0, -83.0, -95.0, -86.0, -105.0, -98.0, -117.0, -115.0, -84.0, -111.0, -88.0, -95.0, -115.0, -107.0, -88.0, -85.0, -81.0, -99.0, -91.0, -116.0, -118.0, -77.0, -101.0, -90.0, -97.0, -125.0, -78.0, -95.0, -95.0, -101.0, -115.0, -78.0, -85.0, -85.0, -106.0, -78.0, -93.0, -90.0, -107.0, -71.0, -102.0, -91.0, -84.0, -105.0, -123.0, -80.0, -82.0, -101.0, -91.0, -89.0, -84.0, -103.0, -107.0, -114.0, -123.0, -99.0, -85.0, -129.0, -98.0, -129.0, -87.0, -99.0, -107.0, -90.0, -84.0, -371.0, -83.0, -82.0, -114.0, -93.0, -98.0, -107.0, -82.0, -101.0, -93.0, -101.0, -102.0, -99.0]","[100, 137, 77, 127, 96, 83, 105, 90, 500, 88, 122, 81, 86, 98, 79, 91, 126, 135, 95, 113, 109, 89, 104, 84, 96, 87, 106, 99, 118, 116, 85, 112, 89, 96, 116, 108, 89, 86, 82, 100, 92, 117, 119, 78, 102, 91, 98, 126, 79, 96, 96, 102, 116, 79, 86, 86, 107, 79, 94, 91, 108, 72, 103, 92, 85, 106, 124, 81, 83, 102, 92, 90, 85, 104, 108, 115, 124, 100, 86, 130, 99, 130, 88, 100, 108, 91, 85, 372, 84, 83, 115, 94, 99, 108, 83, 102, 94, 102, 103, 100]",0.10572704048716734,0.2172180088495446,0.025107758019002464,0.06556804439514291,0.0,128.0,0.10000000149011612,4.999999873689376e-05,8.133431,-0.0038010196,8.136612,0.36910826,0.006198087,0.48749122,0.0
0,-71.0,-500.0,-104.31,105.3,36,0,1,80000,80000,80000,80000,4000,4000,80000,4000,80000,False,525,20,b4800_00000,3e0b7b128fce4cba889881ac472ca959,2022-08-26_13-41-07,1661514067,6.238064289093018,110.79667234420776,36632,main-desktop,192.168.0.58,110.79667234420776,0,20,2.4860172271728516,80000,80000,80000,80000,-71.0,-500.0,-104.31,105.3,36,0,"[-88.0, -85.0, -81.0, -99.0, -91.0, -116.0, -118.0, -77.0, -101.0, -90.0, -97.0, -125.0, -78.0, -95.0, -95.0, -101.0, -115.0, -78.0, -85.0, -85.0, -106.0, -78.0, -93.0, -90.0, -107.0, -71.0, -102.0, -91.0, -84.0, -105.0, -123.0, -80.0, -82.0, -101.0, -91.0, -89.0, -84.0, -103.0, -107.0, -114.0, -123.0, -99.0, -85.0, -129.0, -98.0, -129.0, -87.0, -99.0, -107.0, -90.0, -84.0, -371.0, -83.0, -82.0, -114.0, -93.0, -98.0, -107.0, -82.0, -101.0, -93.0, -101.0, -102.0, -99.0, -101.0, -122.0, -87.0, -86.0, -100.0, -77.0, -77.0, -109.0, -84.0, -120.0, -87.0, -79.0, -118.0, -87.0, -120.0, -103.0, -89.0, -107.0, -107.0, -116.0, -119.0, -155.0, -105.0, -81.0, -87.0, -86.0, -85.0, -93.0, -113.0, -78.0, -500.0, -117.0, -101.0, -94.0, -98.0, -86.0]","[89, 86, 82, 100, 92, 117, 119, 78, 102, 91, 98, 126, 79, 96, 96, 102, 116, 79, 86, 86, 107, 79, 94, 91, 108, 72, 103, 92, 85, 106, 124, 81, 83, 102, 92, 90, 85, 104, 108, 115, 124, 100, 86, 130, 99, 130, 88, 100, 108, 91, 85, 372, 84, 83, 115, 94, 99, 108, 83, 102, 94, 102, 103, 100, 102, 123, 88, 87, 101, 78, 78, 110, 85, 121, 88, 80, 119, 88, 121, 104, 90, 108, 108, 117, 120, 156, 106, 82, 88, 87, 86, 94, 114, 79, 500, 118, 102, 95, 99, 87]",0.10574445638365162,0.21699076579492776,0.02509571003600514,0.06553298824826365,0.0,5478.771,0.097,41241927.237,3767.267,1061.778,1.037,80000,80000,80000,80000,14.622222222222225,26.01111111111111,"[-88.0, -85.0, -81.0, -99.0, -91.0, -116.0, -118.0, -77.0, -101.0, -90.0, -97.0, -125.0, -78.0, -95.0, -95.0, -101.0, -115.0, -78.0, -85.0, -85.0, -106.0, -78.0, -93.0, -90.0, -107.0, -71.0, -102.0, -91.0, -84.0, -105.0, -123.0, -80.0, -82.0, -101.0, -91.0, -89.0, -84.0, -103.0, -107.0, -114.0, -123.0, -99.0, -85.0, -129.0, -98.0, -129.0, -87.0, -99.0, -107.0, -90.0, -84.0, -371.0, -83.0, -82.0, -114.0, -93.0, -98.0, -107.0, -82.0, -101.0, -93.0, -101.0, -102.0, -99.0, -101.0, -122.0, -87.0, -86.0, -100.0, -77.0, -77.0, -109.0, -84.0, -120.0, -87.0, -79.0, -118.0, -87.0, -120.0, -103.0, -89.0, -107.0, -107.0, -116.0, -119.0, -155.0, -105.0, -81.0, -87.0, -86.0, -85.0, -93.0, -113.0, -78.0, -500.0, -117.0, -101.0, -94.0, -98.0, -86.0]","[89, 86, 82, 100, 92, 117, 119, 78, 102, 91, 98, 126, 79, 96, 96, 102, 116, 79, 86, 86, 107, 79, 94, 91, 108, 72, 103, 92, 85, 106, 124, 81, 83, 102, 92, 90, 85, 104, 108, 115, 124, 100, 86, 130, 99, 130, 88, 100, 108, 91, 85, 372, 84, 83, 115, 94, 99, 108, 83, 102, 94, 102, 103, 100, 102, 123, 88, 87, 101, 78, 78, 110, 85, 121, 88, 80, 119, 88, 121, 104, 90, 108, 108, 117, 120, 156, 106, 82, 88, 87, 86, 94, 114, 79, 500, 118, 102, 95, 99, 87]",0.10574445638365162,0.21699076579492776,0.02509571003600514,0.06553298824826365,0.0,128.0,0.10000000149011612,4.999999873689376e-05,8.044371,-0.005225624,8.048704,0.20286036,0.008931732,0.47462866,0.0
0,-64.0,-500.0,-105.33,106.32,40,0,1,84000,84000,84000,84000,4000,4000,84000,4000,84000,False,565,21,b4800_00000,3e0b7b128fce4cba889881ac472ca959,2022-08-26_13-41-13,1661514073,6.350602149963379,117.14727449417114,36632,main-desktop,192.168.0.58,117.14727449417114,0,21,2.4860172271728516,84000,84000,84000,84000,-64.0,-500.0,-105.33,106.32,40,0,"[-123.0, -99.0, -85.0, -129.0, -98.0, -129.0, -87.0, -99.0, -107.0, -90.0, -84.0, -371.0, -83.0, -82.0, -114.0, -93.0, -98.0, -107.0, -82.0, -101.0, -93.0, -101.0, -102.0, -99.0, -101.0, -122.0, -87.0, -86.0, -100.0, -77.0, -77.0, -109.0, -84.0, -120.0, -87.0, -79.0, -118.0, -87.0, -120.0, -103.0, -89.0, -107.0, -107.0, -116.0, -119.0, -155.0, -105.0, -81.0, -87.0, -86.0, -85.0, -93.0, -113.0, -78.0, -500.0, -117.0, -101.0, -94.0, -98.0, -86.0, -101.0, -110.0, -241.0, -125.0, -64.0, -66.0, -97.0, -84.0, -92.0, -87.0, -89.0, -64.0, -87.0, -91.0, -93.0, -95.0, -94.0, -90.0, -120.0, -98.0, -83.0, -104.0, -95.0, -107.0, -133.0, -70.0, -94.0, -76.0, -89.0, -103.0, -119.0, -120.0, -105.0, -69.0, -64.0, -77.0, -99.0, -118.0, -95.0, -95.0]","[124, 100, 86, 130, 99, 130, 88, 100, 108, 91, 85, 372, 84, 83, 115, 94, 99, 108, 83, 102, 94, 102, 103, 100, 102, 123, 88, 87, 101, 78, 78, 110, 85, 121, 88, 80, 119, 88, 121, 104, 90, 108, 108, 117, 120, 156, 106, 82, 88, 87, 86, 94, 114, 79, 500, 118, 102, 95, 99, 87, 102, 111, 242, 126, 65, 67, 98, 85, 93, 88, 90, 65, 88, 92, 94, 96, 95, 91, 121, 99, 84, 105, 96, 108, 134, 71, 95, 77, 90, 104, 120, 121, 106, 70, 65, 78, 100, 119, 96, 96]",0.10578437452148219,0.21692814256029525,0.02509679126332141,0.06553386328931471,0.0,5549.035,0.099,40204208.004,3840.447,1041.545,1.034,84000,84000,84000,84000,15.011111111111111,26.0,"[-123.0, -99.0, -85.0, -129.0, -98.0, -129.0, -87.0, -99.0, -107.0, -90.0, -84.0, -371.0, -83.0, -82.0, -114.0, -93.0, -98.0, -107.0, -82.0, -101.0, -93.0, -101.0, -102.0, -99.0, -101.0, -122.0, -87.0, -86.0, -100.0, -77.0, -77.0, -109.0, -84.0, -120.0, -87.0, -79.0, -118.0, -87.0, -120.0, -103.0, -89.0, -107.0, -107.0, -116.0, -119.0, -155.0, -105.0, -81.0, -87.0, -86.0, -85.0, -93.0, -113.0, -78.0, -500.0, -117.0, -101.0, -94.0, -98.0, -86.0, -101.0, -110.0, -241.0, -125.0, -64.0, -66.0, -97.0, -84.0, -92.0, -87.0, -89.0, -64.0, -87.0, -91.0, -93.0, -95.0, -94.0, -90.0, -120.0, -98.0, -83.0, -104.0, -95.0, -107.0, -133.0, -70.0, -94.0, -76.0, -89.0, -103.0, -119.0, -120.0, -105.0, -69.0, -64.0, -77.0, -99.0, -118.0, -95.0, -95.0]","[124, 100, 86, 130, 99, 130, 88, 100, 108, 91, 85, 372, 84, 83, 115, 94, 99, 108, 83, 102, 94, 102, 103, 100, 102, 123, 88, 87, 101, 78, 78, 110, 85, 121, 88, 80, 119, 88, 121, 104, 90, 108, 108, 117, 120, 156, 106, 82, 88, 87, 86, 94, 114, 79, 500, 118, 102, 95, 99, 87, 102, 111, 242, 126, 65, 67, 98, 85, 93, 88, 90, 65, 88, 92, 94, 96, 95, 91, 121, 99, 84, 105, 96, 108, 134, 71, 95, 77, 90, 104, 120, 121, 106, 70, 65, 78, 100, 119, 96, 96]",0.10578437452148219,0.21692814256029525,0.02509679126332141,0.06553386328931471,0.0,128.0,0.10000000149011612,4.999999873689376e-05,8.331025,0.0015062481,8.329043,0.22017957,0.0047500967,0.45843413,0.0
0,-63.0,-500.0,-111.22,112.19,32,0,1,88000,88000,88000,88000,4000,4000,88000,4000,88000,False,597,22,b4800_00000,3e0b7b128fce4cba889881ac472ca959,2022-08-26_13-41-20,1661514080,6.108768463134766,123.25604295730591,36632,main-desktop,192.168.0.58,123.25604295730591,0,22,2.4860172271728516,88000,88000,88000,88000,-63.0,-500.0,-111.22,112.19,32,0,"[-84.0, -120.0, -87.0, -79.0, -118.0, -87.0, -120.0, -103.0, -89.0, -107.0, -107.0, -116.0, -119.0, -155.0, -105.0, -81.0, -87.0, -86.0, -85.0, -93.0, -113.0, -78.0, -500.0, -117.0, -101.0, -94.0, -98.0, -86.0, -101.0, -110.0, -241.0, -125.0, -64.0, -66.0, -97.0, -84.0, -92.0, -87.0, -89.0, -64.0, -87.0, -91.0, -93.0, -95.0, -94.0, -90.0, -120.0, -98.0, -83.0, -104.0, -95.0, -107.0, -133.0, -70.0, -94.0, -76.0, -89.0, -103.0, -119.0, -120.0, -105.0, -69.0, -64.0, -77.0, -99.0, -118.0, -95.0, -95.0, -106.0, -84.0, -132.0, -83.0, -500.0, -142.0, -114.0, -84.0, -82.0, -500.0, -153.0, -93.0, -90.0, -121.0, -76.0, -108.0, -105.0, -94.0, -91.0, -87.0, -98.0, -185.0, -86.0, -71.0, -96.0, -64.0, -146.0, -98.0, -86.0, -77.0, -63.0, -89.0]","[85, 121, 88, 80, 119, 88, 121, 104, 90, 108, 108, 117, 120, 156, 106, 82, 88, 87, 86, 94, 114, 79, 500, 118, 102, 95, 99, 87, 102, 111, 242, 126, 65, 67, 98, 85, 93, 88, 90, 65, 88, 92, 94, 96, 95, 91, 121, 99, 84, 105, 96, 108, 134, 71, 95, 77, 90, 104, 120, 121, 106, 70, 65, 78, 100, 119, 96, 96, 107, 85, 133, 84, 500, 143, 115, 85, 83, 500, 154, 94, 91, 122, 77, 109, 106, 95, 92, 88, 99, 186, 87, 72, 97, 65, 147, 99, 87, 78, 64, 90]",0.10580962008169358,0.2169312952515761,0.02509930281761215,0.06554747119286664,0.0,5594.05,0.101,39624978.744,3881.699,1030.477,1.033,88000,88000,88000,88000,13.844444444444445,26.0,"[-84.0, -120.0, -87.0, -79.0, -118.0, -87.0, -120.0, -103.0, -89.0, -107.0, -107.0, -116.0, -119.0, -155.0, -105.0, -81.0, -87.0, -86.0, -85.0, -93.0, -113.0, -78.0, -500.0, -117.0, -101.0, -94.0, -98.0, -86.0, -101.0, -110.0, -241.0, -125.0, -64.0, -66.0, -97.0, -84.0, -92.0, -87.0, -89.0, -64.0, -87.0, -91.0, -93.0, -95.0, -94.0, -90.0, -120.0, -98.0, -83.0, -104.0, -95.0, -107.0, -133.0, -70.0, -94.0, -76.0, -89.0, -103.0, -119.0, -120.0, -105.0, -69.0, -64.0, -77.0, -99.0, -118.0, -95.0, -95.0, -106.0, -84.0, -132.0, -83.0, -500.0, -142.0, -114.0, -84.0, -82.0, -500.0, -153.0, -93.0, -90.0, -121.0, -76.0, -108.0, -105.0, -94.0, -91.0, -87.0, -98.0, -185.0, -86.0, -71.0, -96.0, -64.0, -146.0, -98.0, -86.0, -77.0, -63.0, -89.0]","[85, 121, 88, 80, 119, 88, 121, 104, 90, 108, 108, 117, 120, 156, 106, 82, 88, 87, 86, 94, 114, 79, 500, 118, 102, 95, 99, 87, 102, 111, 242, 126, 65, 67, 98, 85, 93, 88, 90, 65, 88, 92, 94, 96, 95, 91, 121, 99, 84, 105, 96, 108, 134, 71, 95, 77, 90, 104, 120, 121, 106, 70, 65, 78, 100, 119, 96, 96, 107, 85, 133, 84, 500, 143, 115, 85, 83, 500, 154, 94, 91, 122, 77, 109, 106, 95, 92, 88, 99, 186, 87, 72, 97, 65, 147, 99, 87, 78, 64, 90]",0.10580962008169358,0.2169312952515761,0.02509930281761215,0.06554747119286664,0.0,128.0,0.05000000074505806,4.999999873689376e-05,8.2622175,-0.008174038,8.269996,0.20393156,0.007922609,0.49065354,0.0
0,-63.0,-500.0,-105.87,106.85,41,0,1,92000,92000,92000,92000,4000,4000,92000,4000,92000,True,638,23,b4800_00000,3e0b7b128fce4cba889881ac472ca959,2022-08-26_13-41-26,1661514086,5.998547077178955,129.25459003448486,36632,main-desktop,192.168.0.58,129.25459003448486,0,23,2.4860172271728516,92000,92000,92000,92000,-63.0,-500.0,-105.87,106.85,41,0,"[-91.0, -93.0, -95.0, -94.0, -90.0, -120.0, -98.0, -83.0, -104.0, -95.0, -107.0, -133.0, -70.0, -94.0, -76.0, -89.0, -103.0, -119.0, -120.0, -105.0, -69.0, -64.0, -77.0, -99.0, -118.0, -95.0, -95.0, -106.0, -84.0, -132.0, -83.0, -500.0, -142.0, -114.0, -84.0, -82.0, -500.0, -153.0, -93.0, -90.0, -121.0, -76.0, -108.0, -105.0, -94.0, -91.0, -87.0, -98.0, -185.0, -86.0, -71.0, -96.0, -64.0, -146.0, -98.0, -86.0, -77.0, -63.0, -89.0, -325.0, -86.0, -92.0, -135.0, -65.0, -92.0, -77.0, -84.0, -80.0, -104.0, -97.0, -63.0, -83.0, -81.0, -104.0, -75.0, -85.0, -65.0, -110.0, -85.0, -91.0, -76.0, -94.0, -118.0, -96.0, -114.0, -90.0, -68.0, -150.0, -115.0, -96.0, -96.0, -73.0, -94.0, -83.0, -91.0, -111.0, -99.0, -100.0, -72.0, -72.0]","[92, 94, 96, 95, 91, 121, 99, 84, 105, 96, 108, 134, 71, 95, 77, 90, 104, 120, 121, 106, 70, 65, 78, 100, 119, 96, 96, 107, 85, 133, 84, 500, 143, 115, 85, 83, 500, 154, 94, 91, 122, 77, 109, 106, 95, 92, 88, 99, 186, 87, 72, 97, 65, 147, 99, 87, 78, 64, 90, 326, 87, 93, 136, 66, 93, 78, 85, 81, 105, 98, 64, 84, 82, 105, 76, 86, 66, 111, 86, 92, 77, 95, 119, 97, 115, 91, 69, 151, 116, 97, 97, 74, 95, 84, 92, 112, 100, 101, 73, 73]",0.10580217329284473,0.2166421607667101,0.025064476584322967,0.06548285155504535,0.0,5665.447,0.101,39709386.982,3954.934,1011.395,1.047,92000,92000,92000,92000,14.88888888888889,26.0,"[-91.0, -93.0, -95.0, -94.0, -90.0, -120.0, -98.0, -83.0, -104.0, -95.0, -107.0, -133.0, -70.0, -94.0, -76.0, -89.0, -103.0, -119.0, -120.0, -105.0, -69.0, -64.0, -77.0, -99.0, -118.0, -95.0, -95.0, -106.0, -84.0, -132.0, -83.0, -500.0, -142.0, -114.0, -84.0, -82.0, -500.0, -153.0, -93.0, -90.0, -121.0, -76.0, -108.0, -105.0, -94.0, -91.0, -87.0, -98.0, -185.0, -86.0, -71.0, -96.0, -64.0, -146.0, -98.0, -86.0, -77.0, -63.0, -89.0, -325.0, -86.0, -92.0, -135.0, -65.0, -92.0, -77.0, -84.0, -80.0, -104.0, -97.0, -63.0, -83.0, -81.0, -104.0, -75.0, -85.0, -65.0, -110.0, -85.0, -91.0, -76.0, -94.0, -118.0, -96.0, -114.0, -90.0, -68.0, -150.0, -115.0, -96.0, -96.0, -73.0, -94.0, -83.0, -91.0, -111.0, -99.0, -100.0, -72.0, -72.0]","[92, 94, 96, 95, 91, 121, 99, 84, 105, 96, 108, 134, 71, 95, 77, 90, 104, 120, 121, 106, 70, 65, 78, 100, 119, 96, 96, 107, 85, 133, 84, 500, 143, 115, 85, 83, 500, 154, 94, 91, 122, 77, 109, 106, 95, 92, 88, 99, 186, 87, 72, 97, 65, 147, 99, 87, 78, 64, 90, 326, 87, 93, 136, 66, 93, 78, 85, 81, 105, 98, 64, 84, 82, 105, 76, 86, 66, 111, 86, 92, 77, 95, 119, 97, 115, 91, 69, 151, 116, 97, 97, 74, 95, 84, 92, 112, 100, 101, 73, 73]",0.10580217329284473,0.2166421607667101,0.025064476584322967,0.06548285155504535,0.0,128.0,0.05000000074505806,4.999999873689376e-05,7.810021,-0.006448233,7.8159275,0.38503098,0.010822881,0.4441464,0.0
